frame,pose_detected,shoulder_x,shoulder_y,elbow_x,elbow_y,wrist_x,wrist_y,hip_x,hip_y,knee_x,knee_y
0,1,0.26327794790267944,0.3298702836036682,0.4188961386680603,0.4195772707462311,0.6058568358421326,0.456936240196228,0.22892163693904877,0.5315983891487122,0.525259256362915,0.5251559019088745
1,1,0.26389995217323303,0.33110612630844116,0.4191015958786011,0.4186912178993225,0.6055402159690857,0.45697250962257385,0.22917889058589935,0.531780481338501,0.5287530422210693,0.5181224346160889
2,1,0.26222342252731323,0.33216097950935364,0.4188735783100128,0.41792911291122437,0.6055297255516052,0.45679041743278503,0.2343636006116867,0.5323449969291687,0.5347775816917419,0.5115562081336975
3,1,0.25569042563438416,0.3324820399284363,0.41887733340263367,0.4166962206363678,0.6049236059188843,0.4558831751346588,0.24162250757217407,0.5331381559371948,0.5400279760360718,0.5060015916824341
4,1,0.24705536663532257,0.33261483907699585,0.41170603036880493,0.415809690952301,0.6041650176048279,0.45457783341407776,0.24303773045539856,0.5340651273727417,0.5458754897117615,0.5044170022010803
5,1,0.24104095995426178,0.3331325948238373,0.40533626079559326,0.41373732686042786,0.6009775996208191,0.45278218388557434,0.24543023109436035,0.5345501899719238,0.554286003112793,0.5040358901023865
6,1,0.23183117806911469,0.33342617750167847,0.39753034710884094,0.41381707787513733,0.597675085067749,0.4514554440975189,0.24538066983222961,0.5345422625541687,0.5567605495452881,0.5022493004798889
7,1,0.2244665026664734,0.3343370258808136,0.3921552002429962,0.4155558943748474,0.5965775847434998,0.4516071081161499,0.24559706449508667,0.5345314741134644,0.5580708980560303,0.49684444069862366
8,1,0.21803341805934906,0.3346764147281647,0.3894037902355194,0.41557881236076355,0.5931406021118164,0.45156288146972656,0.2473459541797638,0.5345561504364014,0.5594798922538757,0.4919552206993103
9,1,0.21680958569049835,0.3362777531147003,0.3805118203163147,0.41559168696403503,0.5881036520004272,0.4512672424316406,0.2504573166370392,0.5340366959571838,0.5598123073577881,0.493457168340683
10,1,0.21579217910766602,0.33819279074668884,0.3788143992424011,0.4158555567264557,0.5858306884765625,0.4513269066810608,0.25170499086380005,0.5336283445358276,0.5607127547264099,0.49271360039711
11,1,0.21054860949516296,0.33814626932144165,0.3757798373699188,0.41526591777801514,0.5831335186958313,0.4515264332294464,0.2515217661857605,0.5336579084396362,0.5604153871536255,0.48535239696502686
12,1,0.21219992637634277,0.33880460262298584,0.3778364360332489,0.41532015800476074,0.5817117691040039,0.4513091444969177,0.2512708008289337,0.533825695514679,0.5599392056465149,0.48811253905296326
13,1,0.21433283388614655,0.3392408490180969,0.3785363733768463,0.41774502396583557,0.5816487669944763,0.4513477087020874,0.25017663836479187,0.5338572263717651,0.558586835861206,0.4895484745502472
14,1,0.21501114964485168,0.33919432759284973,0.37933647632598877,0.41877952218055725,0.5817946791648865,0.45133960247039795,0.24725176393985748,0.5341363549232483,0.5551151037216187,0.49050194025039673
15,1,0.2159368395805359,0.33912816643714905,0.3791055977344513,0.41933056712150574,0.581834614276886,0.45134204626083374,0.24349141120910645,0.5343593955039978,0.553342878818512,0.49114829301834106
16,1,0.2160501629114151,0.3386754095554352,0.37417295575141907,0.41904136538505554,0.5805849432945251,0.4514140784740448,0.2381124645471573,0.5343253016471863,0.5465076565742493,0.49104514718055725
17,1,0.22064758837223053,0.3386555016040802,0.3875181972980499,0.4191734790802002,0.5808784365653992,0.45143020153045654,0.23638175427913666,0.5343345999717712,0.543620765209198,0.4916759133338928
18,1,0.22526098787784576,0.3383309841156006,0.3937910497188568,0.4188837707042694,0.5823314785957336,0.4512653946876526,0.23659245669841766,0.5339708924293518,0.5436986088752747,0.4922187626361847
19,1,0.2348107546567917,0.3374156951904297,0.4025254547595978,0.4180920720100403,0.585580587387085,0.45118775963783264,0.23679989576339722,0.5335667729377747,0.5432935953140259,0.4924977719783783
20,1,0.2453557699918747,0.33708134293556213,0.41293129324913025,0.41773444414138794,0.5924817323684692,0.4512031376361847,0.23765332996845245,0.5328004360198975,0.5456936955451965,0.4938877522945404
21,1,0.25714758038520813,0.3363724946975708,0.42016923427581787,0.4172978699207306,0.6012511849403381,0.4509246349334717,0.24435916543006897,0.5316044092178345,0.5497129559516907,0.4968070983886719
22,1,0.26686108112335205,0.3362029492855072,0.4333539307117462,0.41691091656684875,0.610261857509613,0.45085409283638,0.24772395193576813,0.5310071706771851,0.5552842617034912,0.4999140202999115
23,1,0.2801727056503296,0.3354471027851105,0.4443710148334503,0.41556113958358765,0.6272296905517578,0.4495362937450409,0.251421719789505,0.5306828618049622,0.5569608807563782,0.5036758184432983
24,1,0.2886449694633484,0.3349359333515167,0.4465370774269104,0.41415637731552124,0.6354449391365051,0.44783127307891846,0.2548072934150696,0.5307026505470276,0.5567038655281067,0.503756046295166
25,1,0.29729965329170227,0.3346923291683197,0.4577745795249939,0.41471198201179504,0.645685076713562,0.44776493310928345,0.2575342357158661,0.5323033332824707,0.5586135387420654,0.5033844709396362
26,1,0.29831892251968384,0.3340928852558136,0.461154580116272,0.414645254611969,0.6426280736923218,0.4470662772655487,0.25692325830459595,0.5329228043556213,0.5588802695274353,0.5031423568725586
27,1,0.30210766196250916,0.3339933753013611,0.4637276530265808,0.41488155722618103,0.6394093036651611,0.44698211550712585,0.25668832659721375,0.5335510969161987,0.558682382106781,0.5030822157859802
28,1,0.3156384527683258,0.33396995067596436,0.4833129048347473,0.4150339961051941,0.6624351739883423,0.4478851854801178,0.2573179304599762,0.5338872075080872,0.5596356987953186,0.5030572414398193
29,1,0.3277483284473419,0.33397114276885986,0.4930518567562103,0.41535675525665283,0.6732523441314697,0.4488285481929779,0.2611458897590637,0.5338768362998962,0.560445249080658,0.5034520030021667
30,1,0.33355239033699036,0.3338538706302643,0.4949188828468323,0.4153648614883423,0.6716006398200989,0.4498402178287506,0.26237502694129944,0.5336769223213196,0.5603185892105103,0.5039610862731934
31,1,0.34054434299468994,0.33391517400741577,0.4992066025733948,0.41680699586868286,0.6783195734024048,0.4510709047317505,0.26620617508888245,0.5336301326751709,0.5608593225479126,0.5052378177642822
32,1,0.3450891077518463,0.33390378952026367,0.5012580156326294,0.4178089201450348,0.6819448471069336,0.45323169231414795,0.2654117941856384,0.533892035484314,0.5608185529708862,0.5051579475402832
33,1,0.35386034846305847,0.33396443724632263,0.5108782052993774,0.4195197522640228,0.6868615746498108,0.45492660999298096,0.26490598917007446,0.5339584946632385,0.5594781637191772,0.5072720646858215
34,1,0.3624359965324402,0.3347473442554474,0.5199985504150391,0.4210456609725952,0.6877835392951965,0.456653356552124,0.26453742384910583,0.5347326397895813,0.5593987107276917,0.510039210319519
35,1,0.3654893636703491,0.33639514446258545,0.5257255434989929,0.42356112599372864,0.6994267702102661,0.4575609266757965,0.2633400559425354,0.5352609157562256,0.5567180514335632,0.5098423361778259
36,1,0.36881354451179504,0.33782175183296204,0.5304915308952332,0.42545124888420105,0.7101956009864807,0.4592267572879791,0.26220065355300903,0.5355563759803772,0.5547903776168823,0.5118520259857178
37,1,0.373555988073349,0.3395047187805176,0.5351161360740662,0.4266829490661621,0.7133719325065613,0.45977967977523804,0.25617530941963196,0.5358062386512756,0.5521401166915894,0.5131641626358032
38,1,0.37530866265296936,0.3397827446460724,0.5375216007232666,0.42634662985801697,0.7233951091766357,0.46048665046691895,0.2534799873828888,0.5353266000747681,0.5504617691040039,0.5127393007278442
39,1,0.3792770802974701,0.3403759002685547,0.5411853790283203,0.4261043071746826,0.7254863381385803,0.46020033955574036,0.2504025399684906,0.5351483225822449,0.5432643890380859,0.512489914894104
40,1,0.3871329724788666,0.34248414635658264,0.5517616868019104,0.42606469988822937,0.7443393468856812,0.4596342146396637,0.24918168783187866,0.535140872001648,0.5420270562171936,0.5156405568122864
41,1,0.3935817778110504,0.3436926007270813,0.5567963123321533,0.4263637959957123,0.7505605816841125,0.4592670500278473,0.24777787923812866,0.5351632237434387,0.5378553867340088,0.5158823728561401
42,1,0.40183860063552856,0.34496304392814636,0.5668964982032776,0.4277878999710083,0.7571988701820374,0.45913657546043396,0.24667802453041077,0.5351905822753906,0.5339640974998474,0.5190220475196838
43,1,0.40894317626953125,0.34632226824760437,0.5715809464454651,0.4303036034107208,0.7571349740028381,0.4580933153629303,0.24677570164203644,0.5354300737380981,0.534454882144928,0.5205672383308411
44,1,0.41794145107269287,0.34970346093177795,0.5904209017753601,0.43148350715637207,0.7630301713943481,0.45657771825790405,0.24634335935115814,0.5374392867088318,0.5330930948257446,0.5256404280662537
45,1,0.42561981081962585,0.35238027572631836,0.6058046221733093,0.4329680800437927,0.7751399278640747,0.45538225769996643,0.24638883769512177,0.5382465720176697,0.5322892665863037,0.5294885635375977
46,1,0.42680463194847107,0.35274451971054077,0.6038065552711487,0.4327465295791626,0.7780616283416748,0.45498570799827576,0.24599628150463104,0.5395331382751465,0.5297232866287231,0.5301411747932434
47,1,0.42812398076057434,0.35395190119743347,0.604802668094635,0.4327254891395569,0.778256356716156,0.454800009727478,0.24574014544487,0.5411072373390198,0.529962420463562,0.5330470204353333
48,1,0.4294283986091614,0.35474398732185364,0.6056989431381226,0.43262171745300293,0.7781632542610168,0.45337533950805664,0.24494010210037231,0.5417978763580322,0.5297812223434448,0.532349705696106
49,1,0.4286518096923828,0.3549383878707886,0.6074240207672119,0.43248915672302246,0.7768667340278625,0.4530913531780243,0.24425287544727325,0.5427006483078003,0.5292389392852783,0.533503532409668
50,1,0.42906486988067627,0.3551980257034302,0.6078193187713623,0.43245989084243774,0.778373658657074,0.4530184268951416,0.24376535415649414,0.5434449911117554,0.5290769338607788,0.5354887247085571
51,1,0.4302651584148407,0.35590893030166626,0.6118077039718628,0.43245869874954224,0.7846065759658813,0.45316818356513977,0.2438049167394638,0.5444130301475525,0.5291603803634644,0.5369213223457336
52,1,0.4326021373271942,0.3568226397037506,0.6136730313301086,0.43269363045692444,0.7867661714553833,0.4536944031715393,0.24384668469429016,0.5452861189842224,0.5291885137557983,0.5376083254814148
53,1,0.43207868933677673,0.3573071360588074,0.6105760931968689,0.43271657824516296,0.784167468547821,0.45389798283576965,0.24317438900470734,0.5453706979751587,0.5285836458206177,0.5382995009422302
54,1,0.43093395233154297,0.35712066292762756,0.6093445420265198,0.43333882093429565,0.7821062803268433,0.45380839705467224,0.24260875582695007,0.5452484488487244,0.5279236435890198,0.5386419892311096
55,1,0.43055105209350586,0.35701900720596313,0.6044688820838928,0.4334443509578705,0.7795220613479614,0.45377716422080994,0.24208860099315643,0.5448690056800842,0.5279346704483032,0.5387821197509766
56,1,0.4285341799259186,0.3558524549007416,0.5976142287254333,0.4334607720375061,0.7699858546257019,0.4537774920463562,0.241267591714859,0.5445700883865356,0.5278929471969604,0.5384036302566528
57,1,0.4173218011856079,0.3527301251888275,0.58238685131073,0.43311357498168945,0.7532345056533813,0.45378577709198,0.2377198338508606,0.5432522892951965,0.5273590683937073,0.538349449634552
58,1,0.39700081944465637,0.350396990776062,0.5695354342460632,0.4327360987663269,0.75139981508255,0.4539543688297272,0.23468881845474243,0.5423482060432434,0.5231821537017822,0.5379653573036194
59,1,0.37819570302963257,0.34604156017303467,0.5450738668441772,0.4320630133152008,0.735721230506897,0.45396339893341064,0.23277761042118073,0.5418359637260437,0.5203251242637634,0.5347368717193604
60,1,0.3631530702114105,0.34168583154678345,0.5265129804611206,0.42951276898384094,0.7172123789787292,0.45391425490379333,0.2327854484319687,0.5411417484283447,0.5206292867660522,0.5339770913124084
61,1,0.34821584820747375,0.33495014905929565,0.5041784644126892,0.4291400611400604,0.7036755681037903,0.4539559781551361,0.23052477836608887,0.5407230854034424,0.521081805229187,0.5344820618629456
62,1,0.3329686224460602,0.3341957926750183,0.471016526222229,0.42918121814727783,0.6817355751991272,0.45444589853286743,0.22802971303462982,0.5403527021408081,0.5206838846206665,0.5344788432121277
63,1,0.3170904517173767,0.3331538736820221,0.4514821469783783,0.43234866857528687,0.6526244878768921,0.4544486999511719,0.22777363657951355,0.5403237342834473,0.5222021341323853,0.53477543592453
64,1,0.2988668382167816,0.3309246003627777,0.42619675397872925,0.43377089500427246,0.6345014572143555,0.4553554356098175,0.2277653068304062,0.5390098690986633,0.5262627601623535,0.5350126028060913
65,1,0.28155288100242615,0.3304038643836975,0.40539777278900146,0.4342622458934784,0.6069623231887817,0.45651838183403015,0.2249125987291336,0.5383923053741455,0.5262272953987122,0.5336840152740479
66,1,0.2730376422405243,0.32933881878852844,0.3901897072792053,0.4404805600643158,0.5852020978927612,0.45732730627059937,0.22272585332393646,0.5371519327163696,0.5268422365188599,0.533642590045929
67,1,0.25661027431488037,0.32942843437194824,0.37047138810157776,0.44650331139564514,0.5693379640579224,0.458686500787735,0.2227678745985031,0.5371946692466736,0.5268930792808533,0.5333965420722961
68,1,0.24080637097358704,0.33000513911247253,0.3526347577571869,0.44714099168777466,0.553543210029602,0.4594513773918152,0.22283349931240082,0.537304699420929,0.5269145965576172,0.5330771803855896
69,1,0.22626009583473206,0.3302839994430542,0.33712443709373474,0.4471942186355591,0.546247661113739,0.45942503213882446,0.2230273336172104,0.5373325943946838,0.5284187197685242,0.5324422121047974
70,1,0.21779513359069824,0.3304458260536194,0.322012722492218,0.44789138436317444,0.5211986899375916,0.45237016677856445,0.22308307886123657,0.536959171295166,0.532204270362854,0.5378878712654114
71,1,0.20831221342086792,0.3307132124900818,0.29981860518455505,0.4477338194847107,0.5040775537490845,0.4515197277069092,0.22313618659973145,0.5369843244552612,0.5353558659553528,0.5410107970237732
72,1,0.2003302276134491,0.3310771882534027,0.2769104242324829,0.44963085651397705,0.4784180223941803,0.45164769887924194,0.2232067883014679,0.5381609797477722,0.5360015630722046,0.5413013696670532
73,1,0.18860216438770294,0.33212408423423767,0.2570546269416809,0.45330095291137695,0.44336017966270447,0.4518568515777588,0.22310838103294373,0.5387219190597534,0.5358180403709412,0.5416382551193237
74,1,0.17702284455299377,0.33284157514572144,0.24211612343788147,0.45616450905799866,0.4352208375930786,0.4522087275981903,0.2231283336877823,0.5394447445869446,0.5393980145454407,0.5450106859207153
75,1,0.16689787805080414,0.333560973405838,0.22367991507053375,0.45688596367836,0.41505107283592224,0.4529615044593811,0.22032389044761658,0.5401939749717712,0.5384353399276733,0.5451629161834717
76,1,0.15834829211235046,0.33358412981033325,0.20919115841388702,0.4577191472053528,0.4093448221683502,0.45467209815979004,0.2176474779844284,0.5401837825775146,0.5377176403999329,0.5446534752845764
77,1,0.15612353384494781,0.3336118161678314,0.20151938498020172,0.4580933153629303,0.39468511939048767,0.45857638120651245,0.2161981761455536,0.5400483012199402,0.5326536297798157,0.5444069504737854
78,1,0.15144053101539612,0.3339143395423889,0.1941843181848526,0.4589761793613434,0.38669031858444214,0.46070751547813416,0.21143490076065063,0.5402671098709106,0.5311554670333862,0.5421125888824463
79,1,0.14979596436023712,0.33483603596687317,0.19287243485450745,0.46043142676353455,0.3840767741203308,0.46267515420913696,0.20994450151920319,0.5408840775489807,0.5295413136482239,0.5402089357376099
80,1,0.1480032354593277,0.33526843786239624,0.19157442450523376,0.4610538184642792,0.3764258623123169,0.4634145200252533,0.20900969207286835,0.5409938097000122,0.5287935733795166,0.5400952100753784
81,1,0.14976707100868225,0.33526140451431274,0.19669285416603088,0.46084609627723694,0.38387158513069153,0.4633922576904297,0.20945630967617035,0.5410396456718445,0.5288046002388,0.539918839931488
82,1,0.15134984254837036,0.33510538935661316,0.20216907560825348,0.46048611402511597,0.3906128704547882,0.46317920088768005,0.20969204604625702,0.541199803352356,0.5288797616958618,0.5400727391242981
83,1,0.15395379066467285,0.33440184593200684,0.20793546736240387,0.45965057611465454,0.3980916440486908,0.46248430013656616,0.2108716070652008,0.5410869717597961,0.5302999019622803,0.5407545566558838
84,1,0.15459901094436646,0.3331249952316284,0.21100345253944397,0.45718851685523987,0.3993995785713196,0.46137911081314087,0.2109375149011612,0.5408003330230713,0.5321257710456848,0.5415025949478149
85,1,0.15478681027889252,0.33330193161964417,0.22245070338249207,0.4564957022666931,0.41223761439323425,0.4604816436767578,0.21259446442127228,0.541179895401001,0.5321441292762756,0.5414441227912903
86,1,0.1606958508491516,0.33332568407058716,0.23826147615909576,0.45412155985832214,0.432804673910141,0.460176944732666,0.21547406911849976,0.5411764979362488,0.5317811369895935,0.5414336919784546
87,1,0.16887079179286957,0.33356142044067383,0.26811257004737854,0.45226526260375977,0.472260981798172,0.4597494304180145,0.21657058596611023,0.5402218699455261,0.5302765369415283,0.5413809418678284
88,1,0.17502181231975555,0.3335734009742737,0.2792297303676605,0.45049619674682617,0.4858720600605011,0.4592588543891907,0.21744918823242188,0.5383887887001038,0.5303305983543396,0.541438102722168
89,1,0.1804623007774353,0.3336904048919678,0.2902306020259857,0.4471805989742279,0.49610599875450134,0.4577082395553589,0.21753579378128052,0.5369773507118225,0.5307813882827759,0.5424662828445435
90,1,0.18795540928840637,0.3340434432029724,0.30396077036857605,0.44416943192481995,0.5097154974937439,0.4553075134754181,0.2176944464445114,0.5370767116546631,0.5359497666358948,0.5438329577445984
91,1,0.20239172875881195,0.33486294746398926,0.32082054018974304,0.4438025653362274,0.5300793647766113,0.4538417458534241,0.2181025892496109,0.5371900796890259,0.5357831716537476,0.5442718267440796
92,1,0.2196408063173294,0.33555495738983154,0.33430713415145874,0.4433131217956543,0.5431009531021118,0.4514441192150116,0.22031572461128235,0.5380384922027588,0.5388010740280151,0.5443244576454163
93,1,0.23302561044692993,0.33666402101516724,0.348728209733963,0.44209322333335876,0.5518019795417786,0.45151838660240173,0.221296489238739,0.5384626984596252,0.5386837124824524,0.5442717671394348
94,1,0.2510097920894623,0.3383522033691406,0.3659307360649109,0.44257810711860657,0.5625637769699097,0.45174628496170044,0.2217230647802353,0.5395596623420715,0.5385822653770447,0.5437319278717041
95,1,0.2545008361339569,0.33829596638679504,0.3741592764854431,0.4408876895904541,0.5763531923294067,0.45272982120513916,0.21874982118606567,0.5401712656021118,0.537418007850647,0.5434914231300354
96,1,0.27290165424346924,0.33893007040023804,0.3947420120239258,0.438953697681427,0.591460645198822,0.4529120624065399,0.2186257690191269,0.5403377413749695,0.5351495742797852,0.5458489060401917
97,1,0.2888031601905823,0.3379065692424774,0.40498051047325134,0.4359388053417206,0.5952827334403992,0.4530218243598938,0.21898899972438812,0.5403453707695007,0.5326265692710876,0.5462597012519836
98,1,0.2955682873725891,0.3372718393802643,0.41274693608283997,0.4313870072364807,0.6075547337532043,0.4530542492866516,0.218916118144989,0.5408125519752502,0.5323559641838074,0.5428457260131836
99,1,0.31077641248703003,0.33761152625083923,0.43765053153038025,0.4319567084312439,0.6329567432403564,0.4530528783798218,0.22002175450325012,0.5414353013038635,0.5272918939590454,0.5369663834571838
100,1,0.32250505685806274,0.33856233954429626,0.4564926028251648,0.4327087104320526,0.6449644565582275,0.4535946249961853,0.22002767026424408,0.5431795120239258,0.5192438364028931,0.535094141960144
101,1,0.34022200107574463,0.3400665819644928,0.4858348071575165,0.433316171169281,0.6652276515960693,0.4536910057067871,0.22304953634738922,0.5440552830696106,0.5178576111793518,0.5339266061782837
102,1,0.35651150345802307,0.34464120864868164,0.5149485468864441,0.4354100525379181,0.6987420320510864,0.4542109966278076,0.22421354055404663,0.5456555485725403,0.5186352133750916,0.5344238877296448
103,1,0.3669153153896332,0.34831705689430237,0.5264669060707092,0.43869706988334656,0.7091166377067566,0.4547048509120941,0.22495880722999573,0.5469521284103394,0.5191951990127563,0.53499835729599
104,1,0.3705611824989319,0.3518149256706238,0.5353648066520691,0.43896499276161194,0.7180477976799011,0.4552658796310425,0.22583988308906555,0.5478572249412537,0.5196675658226013,0.5348312258720398
105,1,0.3813880681991577,0.35303354263305664,0.5456165671348572,0.43934422731399536,0.7295668721199036,0.4559398293495178,0.2266976237297058,0.5482178926467896,0.5199840664863586,0.535047173500061
106,1,0.39793720841407776,0.353603720664978,0.5534459352493286,0.4403318762779236,0.7368034720420837,0.45586639642715454,0.2338450700044632,0.5481078624725342,0.5219081044197083,0.5352726578712463
107,1,0.4107009470462799,0.35328447818756104,0.5539076328277588,0.4398386478424072,0.7361468076705933,0.45580798387527466,0.24029524624347687,0.5475821495056152,0.5275737047195435,0.5364132523536682
108,1,0.4135221838951111,0.353247731924057,0.5624874830245972,0.4391133189201355,0.7451286315917969,0.4558126628398895,0.23998281359672546,0.5466924905776978,0.5276222825050354,0.537188708782196
109,1,0.4267675280570984,0.35509371757507324,0.5765231251716614,0.4392058849334717,0.7568234801292419,0.4557406008243561,0.24035978317260742,0.5466713309288025,0.5276921391487122,0.5386187434196472
110,1,0.4331272840499878,0.3564293682575226,0.5805879235267639,0.440796434879303,0.7575328350067139,0.45587223768234253,0.24001769721508026,0.5466463565826416,0.5283534526824951,0.54286789894104
111,1,0.43761903047561646,0.35652458667755127,0.588200032711029,0.4414502680301666,0.7617508172988892,0.45612484216690063,0.24191726744174957,0.5440069437026978,0.5293574929237366,0.5428144335746765
112,1,0.43543413281440735,0.3575105369091034,0.588152289390564,0.4414330720901489,0.7647645473480225,0.4561529755592346,0.24367007613182068,0.5422687530517578,0.5304225087165833,0.5426926612854004
113,1,0.4335910379886627,0.35744625329971313,0.5906040072441101,0.4414277672767639,0.7644383311271667,0.4561316668987274,0.24656133353710175,0.5411487221717834,0.5312916040420532,0.5425847768783569
114,1,0.42806562781333923,0.3571929335594177,0.5880308747291565,0.4406175911426544,0.7609764337539673,0.4558282792568207,0.2461366355419159,0.5396448373794556,0.5312938094139099,0.542454719543457
115,1,0.4247031807899475,0.35497018694877625,0.5817981958389282,0.43866267800331116,0.7567461729049683,0.45526278018951416,0.24576005339622498,0.5372340083122253,0.5312821865081787,0.5419940948486328
116,1,0.4209032356739044,0.35459989309310913,0.5784772634506226,0.4386816620826721,0.7562570571899414,0.4542955458164215,0.2439223974943161,0.5355223417282104,0.5310890078544617,0.5408929586410522
117,1,0.39647090435028076,0.3524570167064667,0.5695391297340393,0.43843039870262146,0.747162401676178,0.45413872599601746,0.23614080250263214,0.5350188612937927,0.5295267701148987,0.5395185351371765
118,1,0.3780072331428528,0.35054463148117065,0.5501181483268738,0.43843361735343933,0.7323507070541382,0.45346835255622864,0.23341751098632812,0.5353419780731201,0.5264478921890259,0.538364827632904
119,1,0.35130149126052856,0.34561821818351746,0.51383376121521,0.43734097480773926,0.7143608331680298,0.4538767337799072,0.2231253683567047,0.5374833345413208,0.5210745930671692,0.53781658411026
120,1,0.3287719786167145,0.33613839745521545,0.4681950509548187,0.43343791365623474,0.6741864085197449,0.45499345660209656,0.21758653223514557,0.5378544926643372,0.5180366039276123,0.5365346074104309
121,1,0.31300559639930725,0.333024263381958,0.4470856785774231,0.43372777104377747,0.6456741094589233,0.45546168088912964,0.21730171144008636,0.5391901135444641,0.5158213973045349,0.5349301695823669
122,1,0.296733558177948,0.33057543635368347,0.42522361874580383,0.4335123896598816,0.6312528252601624,0.4558015465736389,0.21579985320568085,0.539451539516449,0.5163594484329224,0.5350024104118347
123,1,0.2823786735534668,0.3284931480884552,0.4036697447299957,0.4324050545692444,0.6161483526229858,0.45630720257759094,0.2146129161119461,0.5394609570503235,0.5167926549911499,0.5350924730300903
124,1,0.2689919173717499,0.3279665410518646,0.38695812225341797,0.4334741532802582,0.5937938690185547,0.4562224745750427,0.21469558775424957,0.5394337177276611,0.5177484750747681,0.535145103931427
125,1,0.2508474290370941,0.32890960574150085,0.38056638836860657,0.43657511472702026,0.5845258235931396,0.4561172127723694,0.21287086606025696,0.5382790565490723,0.5189619064331055,0.5351884961128235
126,1,0.2351909726858139,0.32874786853790283,0.3521331548690796,0.43833762407302856,0.5598623752593994,0.45630645751953125,0.21188153326511383,0.5382893681526184,0.5202572345733643,0.5356017351150513
127,1,0.22802461683750153,0.32849428057670593,0.3407929539680481,0.44015246629714966,0.5511518716812134,0.45629993081092834,0.21215833723545074,0.5379065275192261,0.5243575572967529,0.5403586626052856
128,1,0.22028011083602905,0.32896873354911804,0.3374587595462799,0.4421218931674957,0.53603595495224,0.4545222818851471,0.21251444518566132,0.5377651453018188,0.532224178314209,0.5453968644142151
129,1,0.21396298706531525,0.3292427659034729,0.3248065710067749,0.444079726934433,0.5231156945228577,0.45215317606925964,0.21279087662696838,0.5384364724159241,0.535508394241333,0.5495859384536743
130,1,0.21027083694934845,0.32939210534095764,0.3034152686595917,0.4441685676574707,0.5044246315956116,0.4524109959602356,0.2149069905281067,0.5387992858886719,0.5395601987838745,0.5504900217056274
131,1,0.19797934591770172,0.3292796313762665,0.2783162295818329,0.44395458698272705,0.4771079123020172,0.45330458879470825,0.21506524085998535,0.5399696230888367,0.5393581986427307,0.5495361685752869
132,1,0.19643984735012054,0.3290916979312897,0.2636999189853668,0.4442748427391052,0.45632582902908325,0.4534893035888672,0.2186574786901474,0.5400070548057556,0.5383554697036743,0.549009382724762
133,1,0.19511684775352478,0.32917121052742004,0.254279762506485,0.4461720287799835,0.4398236870765686,0.4540519714355469,0.22225520014762878,0.540001392364502,0.5365761518478394,0.5489173531532288
134,1,0.18634885549545288,0.3294287919998169,0.24478107690811157,0.44868066906929016,0.43312060832977295,0.4544016718864441,0.22447308897972107,0.5400754809379578,0.538149893283844,0.5485804080963135
135,1,0.18219755589962006,0.32948237657546997,0.2341902107000351,0.4488207697868347,0.4160430133342743,0.45491546392440796,0.22205206751823425,0.5408811569213867,0.5365465879440308,0.5483008623123169
136,1,0.1767045110464096,0.32948726415634155,0.2250194400548935,0.44933927059173584,0.4067169427871704,0.4549574851989746,0.22064802050590515,0.540873646736145,0.5353474020957947,0.5473527908325195
137,1,0.17393162846565247,0.329559326171875,0.21626116335391998,0.4506511390209198,0.39835432171821594,0.4554320275783539,0.21943999826908112,0.5410363674163818,0.5306311845779419,0.546789288520813
138,1,0.17107827961444855,0.32963335514068604,0.2061641961336136,0.45090651512145996,0.3923455774784088,0.4559504985809326,0.21755819022655487,0.5411654114723206,0.5292224287986755,0.5466094017028809
139,1,0.16883212327957153,0.32969337701797485,0.20225471258163452,0.45123469829559326,0.3902725279331207,0.45607462525367737,0.2162059247493744,0.541080117225647,0.5287594795227051,0.5464874505996704
140,1,0.16737054288387299,0.3297242522239685,0.19915801286697388,0.45124897360801697,0.3854713439941406,0.45653390884399414,0.21567444503307343,0.540717601776123,0.5285453796386719,0.5462497472763062
141,1,0.1663890928030014,0.3298555016517639,0.19910460710525513,0.4513561725616455,0.38516542315483093,0.45722222328186035,0.2156837433576584,0.540722668170929,0.5289919376373291,0.5460726022720337
142,1,0.16589783132076263,0.3299255967140198,0.20144440233707428,0.45146486163139343,0.3901814818382263,0.4577609598636627,0.21562312543392181,0.5408676862716675,0.5290897488594055,0.5447385907173157
143,1,0.16651290655136108,0.3302580416202545,0.2027423232793808,0.4517463147640228,0.3917444050312042,0.4585956335067749,0.21555063128471375,0.540921151638031,0.5290465354919434,0.5444372892379761
144,1,0.1678732931613922,0.33074674010276794,0.20617824792861938,0.4523889720439911,0.3941935896873474,0.4592755436897278,0.2154873162508011,0.5410140156745911,0.5291318297386169,0.5444153547286987
145,1,0.168568953871727,0.3310030400753021,0.2089676856994629,0.4523477256298065,0.39655739068984985,0.45932406187057495,0.21549145877361298,0.5415365099906921,0.5291457772254944,0.5443889498710632
146,1,0.17027468979358673,0.3311462998390198,0.2148011326789856,0.4522535502910614,0.40263646841049194,0.45923513174057007,0.21610836684703827,0.542091965675354,0.5291461944580078,0.5442601442337036
147,1,0.17296646535396576,0.33144861459732056,0.22755984961986542,0.4519868493080139,0.4096628427505493,0.4588889479637146,0.2166575938463211,0.5421410202980042,0.5288636684417725,0.5440676808357239
148,1,0.17744751274585724,0.33196431398391724,0.24417249858379364,0.4517395496368408,0.42456164956092834,0.4585658013820648,0.21678878366947174,0.54213947057724,0.5277348160743713,0.5440519452095032
149,1,0.18263646960258484,0.33218857645988464,0.25212061405181885,0.4508267939090729,0.4304887354373932,0.4568125605583191,0.2168131172657013,0.5420895218849182,0.5277326703071594,0.5447759032249451
150,1,0.18842346966266632,0.3329924941062927,0.26424935460090637,0.4499671459197998,0.45893028378486633,0.4556577205657959,0.21571239829063416,0.5419298410415649,0.5258848071098328,0.5447747111320496
151,1,0.19483312964439392,0.33352771401405334,0.2748262584209442,0.4492400586605072,0.46839234232902527,0.45558640360832214,0.21520374715328217,0.5416515469551086,0.5259119868278503,0.5448012351989746
152,1,0.19737733900547028,0.3343232572078705,0.28398051857948303,0.449011892080307,0.48870474100112915,0.4558107852935791,0.2152126431465149,0.5412256717681885,0.5277373194694519,0.5463541746139526
153,1,0.20031140744686127,0.33433425426483154,0.2913699448108673,0.4477255344390869,0.49396637082099915,0.45601344108581543,0.21780462563037872,0.5412114858627319,0.5290981531143188,0.5465239882469177
154,1,0.20371809601783752,0.3343544006347656,0.30009734630584717,0.44623619318008423,0.49757179617881775,0.4560350775718689,0.22052592039108276,0.5412102341651917,0.5310785174369812,0.5475289225578308
155,1,0.20830167829990387,0.3344561457633972,0.3104534149169922,0.4458354413509369,0.5070458650588989,0.45517051219940186,0.22265993058681488,0.5412166714668274,0.5357288122177124,0.5491112470626831
156,1,0.21211767196655273,0.33476218581199646,0.3183859586715698,0.4448908269405365,0.5180068016052246,0.4534704089164734,0.2227669209241867,0.5411986708641052,0.5396201610565186,0.5502932071685791
157,1,0.2210608273744583,0.33539795875549316,0.3266074061393738,0.4449301064014435,0.5305615663528442,0.4516012668609619,0.222744882106781,0.5412255525588989,0.5421772599220276,0.550184428691864
158,1,0.2273438721895218,0.33554601669311523,0.3360993564128876,0.44303613901138306,0.534228503704071,0.4503510296344757,0.22235053777694702,0.5409835577011108,0.5417497754096985,0.5501111745834351
159,1,0.23209859430789948,0.33610036969184875,0.3435409367084503,0.4396023154258728,0.5418177247047424,0.4501339793205261,0.2223101258277893,0.5408897995948792,0.5413848757743835,0.5499072074890137
160,1,0.2366502583026886,0.33734235167503357,0.35311537981033325,0.43973609805107117,0.5511445999145508,0.45029130578041077,0.22051869332790375,0.5407339930534363,0.5407915115356445,0.5485984683036804
161,1,0.2429477721452713,0.3379773795604706,0.36315783858299255,0.43807274103164673,0.5628048181533813,0.45036581158638,0.2188793271780014,0.5407833456993103,0.5405808091163635,0.5485856533050537
162,1,0.24551382660865784,0.33797603845596313,0.3653309643268585,0.4344645142555237,0.5688111186027527,0.45078611373901367,0.2159433364868164,0.5407394766807556,0.5358324646949768,0.548686683177948
163,1,0.24564750492572784,0.33769822120666504,0.3629929721355438,0.4292164444923401,0.5732319355010986,0.45062336325645447,0.21193689107894897,0.5407927632331848,0.533303439617157,0.5487340092658997
164,1,0.2541540861129761,0.33756309747695923,0.37575197219848633,0.4285082221031189,0.5818386673927307,0.4506774842739105,0.21180109679698944,0.5411242842674255,0.531656801700592,0.5489600300788879
165,1,0.2560180723667145,0.33660265803337097,0.38006266951560974,0.42533135414123535,0.5834944844245911,0.4507192075252533,0.21199464797973633,0.541627824306488,0.5323793292045593,0.549368679523468
166,1,0.25764867663383484,0.33704137802124023,0.390288770198822,0.42598894238471985,0.5893422961235046,0.4505603611469269,0.21356931328773499,0.5427764058113098,0.5317188501358032,0.5491753220558167
167,1,0.25871163606643677,0.33698132634162903,0.4024368226528168,0.4229589104652405,0.5993040204048157,0.45054563879966736,0.21363335847854614,0.5432568192481995,0.5304853916168213,0.5468011498451233
168,1,0.2611246109008789,0.3371461033821106,0.4089432656764984,0.41875705122947693,0.6015702486038208,0.4511444866657257,0.2140035778284073,0.543502151966095,0.5303758382797241,0.5456801056861877
169,1,0.2618236839771271,0.3372652530670166,0.41554707288742065,0.41516047716140747,0.6002652049064636,0.4509001672267914,0.21403837203979492,0.5436724424362183,0.5302712917327881,0.5444011688232422
170,1,0.26367878913879395,0.33726727962493896,0.4215993881225586,0.41279399394989014,0.606730580329895,0.4504265785217285,0.21521487832069397,0.5437926650047302,0.5298009514808655,0.5443310141563416
171,1,0.2632446587085724,0.3372594714164734,0.4302913248538971,0.40984031558036804,0.6162742972373962,0.44649314880371094,0.215908482670784,0.5440388917922974,0.529620349407196,0.5426274538040161
172,1,0.2623279392719269,0.33724743127822876,0.43222951889038086,0.40774741768836975,0.6217969059944153,0.4438324570655823,0.2162429839372635,0.5440986752510071,0.52875155210495,0.5423981547355652
173,1,0.26160556077957153,0.337104856967926,0.43089863657951355,0.40587058663368225,0.623022198677063,0.44076383113861084,0.21648907661437988,0.5441976189613342,0.5282196998596191,0.5425127744674683
174,1,0.26108404994010925,0.3370411992073059,0.43317726254463196,0.40617579221725464,0.6210662722587585,0.4393036365509033,0.21723155677318573,0.544275164604187,0.5281600952148438,0.5425963401794434
175,1,0.2607543170452118,0.3370938301086426,0.4353207051753998,0.40754085779190063,0.6210300922393799,0.4400176703929901,0.21911463141441345,0.5442962050437927,0.528285562992096,0.5426275134086609
176,1,0.2604946494102478,0.3372929096221924,0.43136733770370483,0.40763381123542786,0.6188428401947021,0.44221532344818115,0.2197248488664627,0.5443511009216309,0.5289672017097473,0.5427579283714294
177,1,0.259504497051239,0.33729758858680725,0.41902175545692444,0.4106295108795166,0.6049626469612122,0.44775089621543884,0.22238381206989288,0.544384241104126,0.5317476987838745,0.5437142848968506
178,1,0.24976329505443573,0.33684349060058594,0.40581801533699036,0.4145406186580658,0.5989137291908264,0.4484637677669525,0.22278912365436554,0.544386088848114,0.5334970355033875,0.5436081290245056
179,1,0.24046815931797028,0.3360103368759155,0.38681772351264954,0.42030954360961914,0.5862283110618591,0.4507531225681305,0.22319044172763824,0.5443245768547058,0.535917341709137,0.5455001592636108
180,1,0.23699478805065155,0.33499225974082947,0.3707113265991211,0.4248603582382202,0.57091224193573,0.45108747482299805,0.2248692661523819,0.5445101857185364,0.5380380153656006,0.5498349070549011
181,1,0.22757993638515472,0.3331850469112396,0.34985125064849854,0.42607381939888,0.5562278628349304,0.45108702778816223,0.22508154809474945,0.5443828701972961,0.5399701595306396,0.5500354170799255
182,1,0.2165224403142929,0.33320412039756775,0.33760443329811096,0.4286816716194153,0.5495291948318481,0.4506569504737854,0.22506369650363922,0.5442696809768677,0.5423856377601624,0.552859902381897
183,1,0.20647040009498596,0.3334019184112549,0.3295402228832245,0.43526846170425415,0.5391961932182312,0.4497227966785431,0.22462166845798492,0.5439552664756775,0.5425724387168884,0.5526864528656006
184,1,0.2036765217781067,0.3345370292663574,0.3216229975223541,0.43808189034461975,0.5302850008010864,0.4494062066078186,0.22691187262535095,0.5440412759780884,0.5424224138259888,0.5525862574577332
185,1,0.19525831937789917,0.3345479369163513,0.3076857924461365,0.43812164664268494,0.5124027132987976,0.44895651936531067,0.22623580694198608,0.5432179570198059,0.5422887802124023,0.5518534183502197
186,1,0.18780985474586487,0.3351065218448639,0.29948779940605164,0.4388086795806885,0.5024297833442688,0.44881609082221985,0.22118033468723297,0.542915403842926,0.5403760671615601,0.5509710907936096
187,1,0.18278928101062775,0.3350675404071808,0.28651711344718933,0.4395657777786255,0.49291837215423584,0.44874972105026245,0.21950402855873108,0.5424834489822388,0.5399796962738037,0.550589382648468
188,1,0.17881326377391815,0.3350891172885895,0.28005361557006836,0.44179460406303406,0.4823831617832184,0.44951003789901733,0.2183384746313095,0.542870044708252,0.5400292873382568,0.5504158139228821
189,1,0.17773796617984772,0.33511584997177124,0.27312421798706055,0.4431321620941162,0.47428521513938904,0.45008471608161926,0.21665124595165253,0.542920708656311,0.5399728417396545,0.5503281354904175
190,1,0.17680998146533966,0.33509495854377747,0.26614075899124146,0.44433650374412537,0.4585494101047516,0.45196184515953064,0.21656867861747742,0.5427460670471191,0.5398703217506409,0.5502644777297974
191,1,0.17579735815525055,0.33510589599609375,0.2657950222492218,0.44676628708839417,0.4579753577709198,0.4533260762691498,0.21498380601406097,0.5426671504974365,0.5395141839981079,0.5496419668197632
192,1,0.17633193731307983,0.335115909576416,0.26595166325569153,0.44779297709465027,0.4559086561203003,0.45517697930336,0.21469013392925262,0.5421406626701355,0.538914680480957,0.548844575881958
193,1,0.17534907162189484,0.33511972427368164,0.26590079069137573,0.44819748401641846,0.45376861095428467,0.455545574426651,0.2147100865840912,0.5416930913925171,0.5388826131820679,0.5478167533874512
194,1,0.1733538955450058,0.33519434928894043,0.2662503123283386,0.4479901194572449,0.45448893308639526,0.45533815026283264,0.21357813477516174,0.5413240194320679,0.53844153881073,0.5471928119659424
195,1,0.17283371090888977,0.3352239429950714,0.26757609844207764,0.4474814534187317,0.4565340578556061,0.45545193552970886,0.21272939443588257,0.5408086776733398,0.5380343794822693,0.547099769115448
196,1,0.17223010957241058,0.3352741003036499,0.2698415517807007,0.44713881611824036,0.45723459124565125,0.45531928539276123,0.21263931691646576,0.5406883955001831,0.53745436668396,0.5470441579818726
197,1,0.17243103682994843,0.3353216350078583,0.2730434536933899,0.4469691812992096,0.4735710024833679,0.4554731845855713,0.21273159980773926,0.5406680107116699,0.5374429821968079,0.5469698905944824
198,1,0.17302849888801575,0.33482375741004944,0.2744240462779999,0.4419775903224945,0.47923460602760315,0.4525790810585022,0.21276693046092987,0.5404020547866821,0.5374124646186829,0.5469562411308289
199,1,0.17340129613876343,0.33464184403419495,0.2831389605998993,0.43774187564849854,0.4910939335823059,0.45065242052078247,0.21260878443717957,0.5395838022232056,0.5371133685112,0.5467625856399536
200,1,0.17420713603496552,0.33377423882484436,0.28913694620132446,0.4315674901008606,0.49138593673706055,0.4471302628517151,0.2130332887172699,0.5385700464248657,0.537114143371582,0.5464804172515869
201,1,0.17689912021160126,0.3335178792476654,0.2976911664009094,0.4281252324581146,0.49932438135147095,0.4431835114955902,0.21305815875530243,0.5382586717605591,0.5370791554450989,0.5464804768562317
202,1,0.18173202872276306,0.33343207836151123,0.3063405454158783,0.4264552891254425,0.5129027962684631,0.4412917494773865,0.21310530602931976,0.5380651950836182,0.5367530584335327,0.5464872121810913
203,1,0.18728969991207123,0.3323064148426056,0.31399720907211304,0.42491593956947327,0.5248697400093079,0.43997064232826233,0.21339306235313416,0.5375457406044006,0.537250816822052,0.546120285987854
204,1,0.19522838294506073,0.33209002017974854,0.32064545154571533,0.42191246151924133,0.5309388637542725,0.43945837020874023,0.21370640397071838,0.5372737050056458,0.5381187796592712,0.5460412502288818
205,1,0.20676667988300323,0.3326614201068878,0.3380785882472992,0.42302027344703674,0.5413778424263,0.43966948986053467,0.21372158825397491,0.5373200178146362,0.5383015871047974,0.5455368757247925
206,1,0.21028843522071838,0.33267250657081604,0.34320709109306335,0.42259272933006287,0.5504744648933411,0.44012436270713806,0.21363535523414612,0.5374379754066467,0.53829026222229,0.5451206564903259
207,1,0.22045157849788666,0.3336300849914551,0.3597731590270996,0.42330625653266907,0.553212583065033,0.4403058886528015,0.2163696587085724,0.5374915599822998,0.539989709854126,0.5451052784919739
208,1,0.23146499693393707,0.33427655696868896,0.3698454797267914,0.4237544536590576,0.5625820159912109,0.44143933057785034,0.2220294028520584,0.5375208258628845,0.5428308248519897,0.5451271533966064
209,1,0.24930724501609802,0.3351902961730957,0.3833363354206085,0.42354249954223633,0.5763170123100281,0.44189849495887756,0.22644658386707306,0.5376362800598145,0.5431708097457886,0.5450466275215149
210,1,0.26158925890922546,0.33518078923225403,0.3921459913253784,0.4235183298587799,0.58428555727005,0.4430463910102844,0.23139922320842743,0.53764808177948,0.5431345701217651,0.5456807017326355
211,1,0.2667545676231384,0.3353217840194702,0.41091135144233704,0.4233342707157135,0.5948272347450256,0.44408464431762695,0.23090562224388123,0.5381742715835571,0.5432378053665161,0.5457573533058167
212,1,0.279783695936203,0.33539143204689026,0.4325503706932068,0.42657727003097534,0.6107797622680664,0.4470345377922058,0.23022307455539703,0.5387998223304749,0.541472852230072,0.5455814003944397
213,1,0.28955984115600586,0.33538466691970825,0.43808525800704956,0.42455220222473145,0.6186197996139526,0.4470575749874115,0.23174095153808594,0.5405043959617615,0.5414791703224182,0.5442342162132263
214,1,0.2921186089515686,0.3349151313304901,0.4391588568687439,0.42158523201942444,0.6257131099700928,0.4470292329788208,0.23125967383384705,0.5410824418067932,0.5406779646873474,0.5436696410179138
215,1,0.30209270119667053,0.3344365656375885,0.4466339945793152,0.42045333981513977,0.6378239393234253,0.4473254680633545,0.23397888243198395,0.5413222312927246,0.5381414890289307,0.5350214838981628
216,1,0.31281203031539917,0.334453821182251,0.45198509097099304,0.4198809862136841,0.6403305530548096,0.4475690722465515,0.2357979565858841,0.5414009690284729,0.53642338514328,0.5324944853782654
217,1,0.3227289617061615,0.334460973739624,0.46905842423439026,0.4190875291824341,0.6582817435264587,0.4476509094238281,0.2383963167667389,0.5415031313896179,0.5344963669776917,0.5314561128616333
218,1,0.3327006995677948,0.3357841968536377,0.49117565155029297,0.4191517233848572,0.6758049726486206,0.44763368368148804,0.23974710702896118,0.541942298412323,0.5333337783813477,0.5321998000144958
219,1,0.33408987522125244,0.336158812046051,0.49436065554618835,0.41918593645095825,0.6791581511497498,0.4473828077316284,0.23916612565517426,0.5426454544067383,0.5331445336341858,0.532909095287323
220,1,0.3404032289981842,0.3373977839946747,0.5087029337882996,0.42008596658706665,0.698714554309845,0.4473860263824463,0.2387639582157135,0.5436902642250061,0.533194899559021,0.5329675078392029
221,1,0.33848175406455994,0.3378135859966278,0.5035777688026428,0.4201812744140625,0.6915509104728699,0.44731879234313965,0.23706261813640594,0.543976902961731,0.5323660373687744,0.5331049561500549
222,1,0.33844274282455444,0.3379724621772766,0.5015139579772949,0.4202379584312439,0.6912946701049805,0.4471897482872009,0.2353261411190033,0.5439467430114746,0.5324217677116394,0.5334905385971069
223,1,0.3360617458820343,0.33858489990234375,0.49980342388153076,0.4202939569950104,0.6846831440925598,0.4461059868335724,0.23471665382385254,0.5439273715019226,0.5324344635009766,0.5337446928024292
224,1,0.33377742767333984,0.3393773138523102,0.49572548270225525,0.4203208088874817,0.6810950040817261,0.4461042881011963,0.23367317020893097,0.5439023971557617,0.532427191734314,0.5339354276657104
225,1,0.3325486183166504,0.33835965394973755,0.4923591613769531,0.4213392734527588,0.6862806677818298,0.4462083876132965,0.23307819664478302,0.5439372062683105,0.5326342582702637,0.5344899892807007
226,1,0.32822105288505554,0.33695706725120544,0.4769195020198822,0.4213481545448303,0.6814261674880981,0.44598910212516785,0.23308706283569336,0.5438945889472961,0.5326475501060486,0.5349298715591431
227,1,0.31382426619529724,0.3367610573768616,0.46200746297836304,0.421673446893692,0.6658379435539246,0.4459684193134308,0.2317047417163849,0.5438322424888611,0.5299351215362549,0.5350839495658875
228,1,0.30304211378097534,0.33630040287971497,0.43844732642173767,0.4219696521759033,0.6378286480903625,0.44598573446273804,0.23154039680957794,0.543639063835144,0.5292238593101501,0.5352051854133606
229,1,0.29048627614974976,0.3346311151981354,0.4245394766330719,0.4220050871372223,0.6226121783256531,0.44601547718048096,0.23126238584518433,0.543631911277771,0.5293062329292297,0.5361743569374084
230,1,0.2777261435985565,0.333376944065094,0.41805049777030945,0.42548486590385437,0.6189587712287903,0.4460187554359436,0.23151880502700806,0.5435094237327576,0.5293048620223999,0.5365092158317566
231,1,0.2646113336086273,0.3316618502140045,0.40095701813697815,0.42612817883491516,0.605482280254364,0.4460158944129944,0.2315373569726944,0.5426377654075623,0.5293446183204651,0.536431610584259
232,1,0.25090309977531433,0.33104708790779114,0.3843756318092346,0.42749038338661194,0.5856199264526367,0.446215957403183,0.23149538040161133,0.5420852899551392,0.5339937806129456,0.5360627174377441
233,1,0.23988798260688782,0.3305814564228058,0.37673014402389526,0.4309304654598236,0.5864761471748352,0.44607290625572205,0.23140697181224823,0.5396482348442078,0.5339666604995728,0.5352343320846558
234,1,0.23448683321475983,0.33055150508880615,0.3600432276725769,0.4332728385925293,0.5779304504394531,0.4467637836933136,0.2303852140903473,0.5397441387176514,0.5389654040336609,0.5397354960441589
235,1,0.22615869343280792,0.33062320947647095,0.34620657563209534,0.43700218200683594,0.5707349181175232,0.44856569170951843,0.22943058609962463,0.5392656326293945,0.5416135191917419,0.5397090911865234
236,1,0.22325165569782257,0.3306880593299866,0.3378991186618805,0.43978357315063477,0.551780104637146,0.44822409749031067,0.22946797311306,0.5391356348991394,0.5459832549095154,0.5431854128837585
237,1,0.2196829617023468,0.3307839632034302,0.32960811257362366,0.44038891792297363,0.5400060415267944,0.4482308626174927,0.22966502606868744,0.5390775203704834,0.5472875833511353,0.5445108413696289
238,1,0.2182542234659195,0.3320511281490326,0.32256725430488586,0.44352802634239197,0.5291381478309631,0.44820886850357056,0.23144270479679108,0.5391616225242615,0.5498984456062317,0.5445584058761597
239,1,0.20800232887268066,0.33206379413604736,0.31869396567344666,0.4444819986820221,0.5208743214607239,0.44596782326698303,0.23031936585903168,0.539178192615509,0.5494014024734497,0.5444909930229187
240,1,0.2033415138721466,0.3326828181743622,0.3087606430053711,0.4461037516593933,0.5048128962516785,0.4459826350212097,0.22823278605937958,0.5394341945648193,0.5489463806152344,0.5440513491630554
241,1,0.20288020372390747,0.3331509828567505,0.29738548398017883,0.44703876972198486,0.48747679591178894,0.4473622143268585,0.22629223763942719,0.5396082401275635,0.5488575100898743,0.5439896583557129
242,1,0.20387108623981476,0.3332470953464508,0.2897840738296509,0.4477323591709137,0.4816577136516571,0.4506949186325073,0.22612956166267395,0.540103554725647,0.548533022403717,0.5436070561408997
243,1,0.2047872096300125,0.3332479000091553,0.28263694047927856,0.44760408997535706,0.4730640649795532,0.4505710005760193,0.22682665288448334,0.5400773286819458,0.5483342409133911,0.5422311425209045
244,1,0.20371708273887634,0.3328123986721039,0.27707594633102417,0.4475036561489105,0.47135454416275024,0.4505620300769806,0.22714167833328247,0.5398940443992615,0.5481811165809631,0.5419047474861145
245,1,0.20035876333713531,0.3324846923351288,0.27798792719841003,0.4477650225162506,0.4735235869884491,0.4505116939544678,0.22715778648853302,0.5396264791488647,0.5480362772941589,0.5418896079063416
246,1,0.19863145053386688,0.33245784044265747,0.27765941619873047,0.447698175907135,0.47293394804000854,0.450449675321579,0.22715960443019867,0.5395311117172241,0.5473880171775818,0.5418549180030823
247,1,0.19933679699897766,0.3324597179889679,0.27995193004608154,0.4475744366645813,0.47296127676963806,0.4505360424518585,0.22717589139938354,0.5394986867904663,0.5476318597793579,0.5426201224327087
248,1,0.19750213623046875,0.33247584104537964,0.27969369292259216,0.4474628269672394,0.46942001581192017,0.4516373872756958,0.226990208029747,0.539185643196106,0.5475161671638489,0.5425974130630493
249,1,0.19808021187782288,0.3327209949493408,0.2824561297893524,0.44737765192985535,0.47378507256507874,0.4515758752822876,0.22683654725551605,0.5390666723251343,0.546545684337616,0.5426250100135803
250,1,0.1981591433286667,0.3328222632408142,0.283611923456192,0.4464062750339508,0.4799577593803406,0.4515009820461273,0.2259720414876938,0.5390112400054932,0.5464471578598022,0.5429807901382446
